0000000000_0000000000_0000,0000000000_0000000000_0000,1,100
0000000000_0000000002_0000,0000000000_0000000000_0000,2,2
0000000000_0000000003_0000,0000000000_0000000000_0000,2,0
0000000000_0000000004_0000,0000000000_0000000000_0000,2,0
0000000000_0000000005_0000,0000000000_0000000000_0000,2,0
0000000000_0000000006_0000,0000000000_0000000000_0000,2,0
0000000000_0000000007_0000,0000000000_0000000000_0000,2,1
0000000000_0000000008_0000,0000000000_0000000000_0000,2,1
0000000000_0000000009_0000,0000000000_0000000000_0000,2,1
0000000000_0000000010_0000,0000000000_0000000000_0000,2,0
0000000000_0000000011_0000,0000000000_0000000000_0000,2,1
0000000000_0000000012_0000,0000000000_0000000000_0000,2,61
0000000000_0000000013_0000,0000000000_0000000000_0000,2,0
0000000000_0000000014_0000,0000000000_0000000012_0000,3,60
0000000000_0000000015_0000,0000000000_0000000088_0000,9,92
0000000000_0000000016_0000,0000000000_0000000017_0000,7,94
0000000000_0000000017_0000,0000000000_0000000031_0000,6,95
0000000000_0000000018_0000,0000000000_0000000015_0000,10,1
0000000000_0000000019_0000,0000000000_0000000020_0000,5,8
0000000000_0000000020_0000,0000000000_0000000014_0000,4,9
0000000000_0000000021_0000,0000000000_0000000014_0000,4,6
0000000000_0000000022_0000,0000000000_0000000213_0000,9,54
0000000000_0000000023_0000,0000000000_0000000015_0000,10,31
0000000000_0000000024_0000,0000000000_0000000014_0000,4,2
0000000000_0000000025_0000,0000000000_0000000015_0000,10,8
0000000000_0000000026_0000,0000000000_0000000000_0000,2,99
0000000000_0000000027_0000,0000000000_0000000026_0000,3,98
0000000000_0000000028_0000,0000000000_0000000050_0000,5,10
0000000000_0000000029_0000,0000000000_0000000027_0000,4,10
0000000000_0000000030_0000,0000000000_0000000027_0000,4,23
0000000000_0000000031_0000,0000000000_0000000050_0000,5,96
0000000000_0000000032_0000,0000000000_0000000028_0000,6,9
0000000000_0000000033_0000,0000000000_0000000029_0000,5,9
0000000000_0000000034_0000,0000000000_0000000040_0000,9,4
0000000000_0000000035_0000,0000000000_0000000014_0000,4,59
0000000000_0000000036_0000,0000000000_0000000014_0000,4,27
0000000000_0000000037_0000,0000000000_0000000036_0000,5,26
0000000000_0000000038_0000,0000000000_0000000034_0000,10,3
0000000000_0000000039_0000,0000000000_0000000053_0000,8,7
0000000000_0000000040_0000,0000000000_0000000041_0000,8,5
0000000000_0000000041_0000,0000000000_0000000049_0000,7,6
0000000000_0000000042_0000,0000000000_0000000089_0000,5,8
0000000000_0000000043_0000,0000000000_0000000015_0000,10,0
0000000000_0000000044_0000,0000000000_0000000038_0000,11,1
0000000000_0000000045_0000,0000000000_0000000015_0000,10,1
0000000000_0000000046_0000,0000000000_0000000015_0000,10,0
0000000000_0000000047_0000,0000000000_0000000048_0000,6,2
0000000000_0000000048_0000,0000000000_0000000050_0000,5,3
0000000000_0000000049_0000,0000000000_0000000042_0000,6,7
0000000000_0000000050_0000,0000000000_0000000027_0000,4,97
0000000000_0000000051_0000,0000000000_0000000033_0000,6,8
0000000000_0000000052_0000,0000000000_0000000053_0000,8,3
0000000000_0000000053_0000,0000000000_0000000032_0000,7,8
0000000000_0000000054_0000,0000000000_0000000015_0000,10,0
0000000000_0000000055_0000,0000000000_0000000015_0000,10,1
0000000000_0000000056_0000,0000000000_0000000015_0000,10,1
0000000000_0000000057_0000,0000000000_0000000015_0000,10,0
0000000000_0000000058_0000,0000000000_0000000015_0000,10,0
0000000000_0000000059_0000,0000000000_0000000015_0000,10,2
0000000000_0000000060_0000,0000000000_0000000015_0000,10,27
0000000000_0000000061_0000,0000000000_0000000015_0000,10,0
0000000000_0000000062_0000,0000000000_0000000015_0000,10,0
0000000000_0000000063_0000,0000000000_0000000015_0000,10,14
0000000000_0000000064_0000,0000000000_0000000015_0000,10,0
0000000000_0000000065_0000,0000000000_0000000015_0000,10,0
0000000000_0000000066_0000,0000000000_0000000015_0000,10,1
0000000000_0000000067_0000,0000000000_0000000015_0000,10,3
0000000000_0000000068_0000,0000000000_0000000015_0000,10,1
0000000000_0000000069_0000,0000000000_0000000167_0000,11,2
0000000000_0000000070_0000,0000000000_0000000015_0000,10,3
0000000000_0000000071_0000,0000000000_0000000015_0000,10,0
0000000000_0000000072_0000,0000000000_0000000015_0000,10,1
0000000000_0000000073_0000,0000000000_0000000015_0000,10,0
0000000000_0000000074_0000,0000000000_0000000015_0000,10,0
0000000000_0000000075_0000,0000000000_0000000015_0000,10,0
0000000000_0000000076_0000,0000000000_0000000015_0000,10,1
0000000000_0000000077_0000,0000000000_0000000015_0000,10,1
0000000000_0000000078_0000,0000000000_0000000015_0000,10,0
0000000000_0000000079_0000,0000000000_0000000015_0000,10,1
0000000000_0000000080_0000,0000000000_0000000015_0000,10,0
0000000000_0000000081_0000,0000000000_0000000000_0000,2,1
0000000000_0000000082_0000,0000000000_0000000015_0000,10,0
0000000000_0000000083_0000,0000000000_0000000015_0000,10,0
0000000000_0000000084_0000,0000000000_0000000015_0000,10,0
0000000000_0000000085_0000,0000000000_0000000015_0000,10,3
0000000000_0000000086_0000,0000000000_0000000015_0000,10,1
0000000000_0000000087_0000,0000000000_0000000015_0000,10,0
0000000000_0000000088_0000,0000000000_0000000016_0000,8,93
0000000000_0000000089_0000,0000000000_0000000014_0000,4,9
0000000000_0000000090_0000,0000000000_0000000052_0000,9,1
0000000000_0000000091_0000,0000000000_0000000017_0000,7,0
0000000000_0000000092_0000,0000000000_0000000021_0000,5,3
0000000000_0000000093_0000,0000000000_0000000015_0000,10,0
0000000000_0000000094_0000,0000000000_0000000015_0000,10,0
0000000000_0000000095_0000,0000000000_0000000015_0000,10,0
0000000000_0000000096_0000,0000000000_0000000015_0000,10,0
0000000000_0000000097_0000,0000000000_0000000015_0000,10,11
0000000000_0000000098_0000,0000000000_0000000097_0000,11,10
0000000000_0000000099_0000,0000000000_0000000021_0000,5,0
0000000000_0000000100_0000,0000000000_0000000021_0000,5,0
0000000000_0000000101_0000,0000000000_0000000021_0000,5,5
0000000000_0000000102_0000,0000000000_0000000101_0000,6,4
0000000000_0000000103_0000,0000000000_0000000024_0000,5,1
0000000000_0000000104_0000,0000000000_0000000153_0000,6,57
0000000000_0000000105_0000,0000000000_0000000102_0000,7,3
0000000000_0000000106_0000,0000000000_0000000105_0000,8,1
0000000000_0000000107_0000,0000000000_0000000105_0000,8,2
0000000000_0000000108_0000,0000000000_0000000105_0000,8,1
0000000000_0000000109_0000,0000000000_0000014546_0000,28,2
0000000000_0000000110_0000,0000000000_0000000109_0000,29,1
0000000000_0000000111_0000,0000000000_0000000105_0000,8,2
0000000000_0000000112_0000,0000000000_0000000111_0000,9,1
0000000000_0000000113_0000,0000000000_0000000105_0000,8,0
0000000000_0000000114_0000,0000000000_0000000106_0000,9,0
0000000000_0000000115_0000,0000000000_0000000105_0000,8,0
0000000000_0000000116_0000,0000000000_0000000105_0000,8,1
0000000000_0000000117_0000,0000000000_0000000107_0000,9,1
0000000000_0000000118_0000,0000000000_0000000107_0000,9,0
0000000000_0000000119_0000,0000000000_0000000105_0000,8,2
0000000000_0000000120_0000,0000000000_0000000119_0000,9,0
0000000000_0000000121_0000,0000000000_0000000105_0000,8,2
0000000000_0000000122_0000,0000000000_0000000119_0000,9,0
0000000000_0000000123_0000,0000000000_0000000119_0000,9,1
0000000000_0000000124_0000,0000000000_0000000022_0000,10,53
0000000000_0000000125_0000,0000000000_0000000106_0000,9,0
0000000000_0000000126_0000,0000000000_0000000067_0000,11,2
0000000000_0000000127_0000,0000000000_0000000126_0000,12,0
0000000000_0000000128_0000,0000000000_0000000014_0000,4,0
0000000000_0000000129_0000,0000000000_0000000102_0000,7,0
0000000000_0000000130_0000,0000000000_0000000098_0000,12,9
0000000000_0000000131_0000,0000000000_0000000130_0000,13,8
0000000000_0000000132_0000,0000000000_0000000104_0000,7,56
0000000000_0000000133_0000,0000000000_0000000014_0000,4,0
0000000000_0000000134_0000,0000000000_0000000014_0000,4,17
0000000000_0000000135_0000,0000000000_0000000134_0000,5,16
0000000000_0000000136_0000,0000000000_0000000135_0000,6,15
0000000000_0000000137_0000,0000000000_0000000136_0000,7,14
0000000000_0000000138_0000,0000000000_0000000015_0000,10,1
0000000000_0000000139_0000,0000000000_0000000015_0000,10,1
0000000000_0000000140_0000,0000000000_0000000015_0000,10,1
0000000000_0000000141_0000,0000000000_0000000144_0000,6,21
0000000000_0000000142_0000,0000000000_0000000015_0000,10,1
0000000000_0000000143_0000,0000000000_0000000016_0000,8,0
0000000000_0000000144_0000,0000000000_0000000030_0000,5,22
0000000000_0000000145_0000,0000000000_0000000137_0000,8,10
0000000000_0000000146_0000,0000000000_0000000145_0000,9,9
0000000000_0000000147_0000,0000000000_0000000146_0000,10,8
0000000000_0000000148_0000,0000000000_0000000147_0000,11,7
0000000000_0000000149_0000,0000000000_0000000148_0000,12,6
0000000000_0000000150_0000,0000000000_0000000679_0000,21,7
0000000000_0000000151_0000,0000000000_0000000015_0000,10,0
0000000000_0000000152_0000,0000000000_0000000149_0000,13,3
0000000000_0000000153_0000,0000000000_0000000035_0000,5,58
0000000000_0000000154_0000,0000000000_0000000022_0000,10,0
0000000000_0000000155_0000,0000000000_0000000022_0000,10,0
0000000000_0000000156_0000,0000000000_0000000035_0000,5,0
0000000000_0000000157_0000,0000000000_0000000022_0000,10,17
0000000000_0000000158_0000,0000000000_0000000016_0000,8,0
0000000000_0000000159_0000,0000000000_0000000014_0000,4,6
0000000000_0000000160_0000,0000000000_0000000159_0000,5,5
0000000000_0000000161_0000,0000000000_0000000160_0000,6,4
0000000000_0000000162_0000,0000000000_0000000161_0000,7,0
0000000000_0000000163_0000,0000000000_0000000015_0000,10,0
0000000000_0000000164_0000,0000000000_0000000015_0000,10,0
0000000000_0000000165_0000,0000000000_0000000021_0000,5,3
0000000000_0000000166_0000,0000000000_0000000015_0000,10,2
0000000000_0000000167_0000,0000000000_0000000015_0000,10,23
0000000000_0000000168_0000,0000000000_0000000022_0000,10,0
0000000000_0000000169_0000,0000000000_0000000159_0000,5,0
0000000000_0000000170_0000,0000000000_0000000159_0000,5,0
0000000000_0000000171_0000,0000000000_0000000159_0000,5,2
0000000000_0000000172_0000,0000000000_0000000159_0000,5,0
0000000000_0000000173_0000,0000000000_0000000161_0000,7,0
0000000000_0000000174_0000,0000000000_0000000159_0000,5,2
0000000000_0000000175_0000,0000000000_0000000149_0000,13,4
0000000000_0000000176_0000,0000000000_0000000014_0000,4,0
0000000000_0000000177_0000,0000000000_0000000000_0000,2,0
0000000000_0000000178_0000,0000000000_0000000000_0000,2,0
0000000000_0000000179_0000,0000000000_0000000015_0000,10,6
0000000000_0000000180_0000,0000000000_0000000179_0000,11,5
0000000000_0000000181_0000,0000000000_0000000015_0000,10,2
0000000000_0000000182_0000,0000000000_0000000015_0000,10,28
0000000000_0000000183_0000,0000000000_0000000182_0000,11,1
0000000000_0000000184_0000,0000000000_0000000180_0000,12,0
0000000000_0000000185_0000,0000000000_0000000037_0000,6,25
0000000000_0000000186_0000,0000000000_0000000185_0000,7,0
0000000000_0000000187_0000,0000000000_0000006862_0000,16,0
0000000000_0000000188_0000,0000000000_0000000015_0000,10,91
0000000000_0000000189_0000,0000000000_0000000188_0000,11,19
0000000000_0000000190_0000,0000000000_0000000149_0000,13,3
0000000000_0000000191_0000,0000000000_0000000015_0000,10,1
0000000000_0000000192_0000,0000000000_0000000182_0000,11,1
0000000000_0000000193_0000,0000000000_0000000182_0000,11,0
0000000000_0000000194_0000,0000000000_0000000161_0000,7,0
0000000000_0000000195_0000,0000000000_0000000161_0000,7,3
0000000000_0000000196_0000,0000000000_0000000161_0000,7,1
0000000000_0000000197_0000,0000000000_0000000161_0000,7,1
0000000000_0000000198_0000,0000000000_0000000192_0000,12,0
0000000000_0000000199_0000,0000000000_0000000160_0000,6,0
0000000000_0000000200_0000,0000000000_0000000015_0000,10,0
0000000000_0000000201_0000,0000000000_0000000180_0000,12,1
0000000000_0000000202_0000,0000000000_0000000015_0000,10,0
0000000000_0000000203_0000,0000000000_0000000180_0000,12,2
0000000000_0000000204_0000,0000000000_0000000180_0000,12,0
0000000000_0000000205_0000,0000000000_0000000203_0000,13,1
0000000000_0000000206_0000,0000000000_0000000015_0000,10,0
0000000000_0000000207_0000,0000000000_0000000161_0000,7,0
0000000000_0000000208_0000,0000000000_0000000124_0000,11,52
0000000000_0000000209_0000,0000000000_0000000014_0000,4,0
0000000000_0000000210_0000,0000000000_0000000161_0000,7,0
0000000000_0000000211_0000,0000000000_0000000161_0000,7,0
0000000000_0000000212_0000,0000000000_0000000014_0000,4,24
0000000000_0000000213_0000,0000000000_0000000132_0000,8,55
0000000000_0000000214_0000,0000000000_0000000208_0000,12,1
0000000000_0000000215_0000,0000000000_0000000015_0000,10,0
0000000000_0000000216_0000,0000000000_0000000015_0000,10,0
0000000000_0000000217_0000,0000000000_0000000015_0000,10,0
0000000000_0000000218_0000,0000000000_0000000015_0000,10,2
0000000000_0000000219_0000,0000000000_0000000218_0000,11,1
0000000000_0000000220_0000,0000000000_0000000015_0000,10,0
0000000000_0000000221_0000,0000000000_0000000540_0000,13,0
0000000000_0000000222_0000,0000000000_0000000124_0000,11,0
0000000000_0000000223_0000,0000000000_0000000161_0000,7,0
0000000000_0000000224_0000,0000000000_0000000035_0000,5,0
0000000000_0000000225_0000,0000000000_0000000208_0000,12,0
0000000000_0000000226_0000,0000000000_0000000015_0000,10,0
0000000000_0000000227_0000,0000000000_0000000180_0000,12,0
0000000000_0000000228_0000,0000000000_0000000016_0000,8,3
0000000000_0000000229_0000,0000000000_0000000228_0000,9,0
0000000000_0000000230_0000,0000000000_0000000208_0000,12,0
0000000000_0000000231_0000,0000000000_0000000208_0000,12,0
0000000000_0000000232_0000,0000000000_0000000035_0000,5,0
0000000000_0000000233_0000,0000000000_0000000260_0000,13,18
0000000000_0000000234_0000,0000000000_0000000212_0000,5,23
0000000000_0000000235_0000,0000000000_0000000104_0000,7,1
0000000000_0000000236_0000,0000000000_0000000104_0000,7,0
0000000000_0000000237_0000,0000000000_0000000104_0000,7,0
0000000000_0000000238_0000,0000000000_0000000104_0000,7,9
0000000000_0000000239_0000,0000000000_0000000104_0000,7,0
0000000000_0000000240_0000,0000000000_0000000014_0000,4,16
0000000000_0000000241_0000,0000000000_0000000240_0000,5,2
0000000000_0000000242_0000,0000000000_0000000000_0000,2,0
0000000000_0000000243_0000,0000000000_0000000014_0000,4,3
0000000000_0000000244_0000,0000000000_0000000180_0000,12,0
0000000000_0000000245_0000,0000000000_0000000240_0000,5,0
0000000000_0000000246_0000,0000000000_0000000240_0000,5,8
0000000000_0000000247_0000,0000000000_0000000240_0000,5,2
0000000000_0000000248_0000,0000000000_0000000015_0000,10,0
0000000000_0000000249_0000,0000000000_0000000208_0000,12,5
0000000000_0000000250_0000,0000000000_0000000016_0000,8,0
0000000000_0000000251_0000,0000000000_0000000240_0000,5,1
0000000000_0000000252_0000,0000000000_0000000014_0000,4,0
0000000000_0000000253_0000,0000000000_0000000240_0000,5,0
0000000000_0000000254_0000,0000000000_0000000015_0000,10,0
0000000000_0000000255_0000,0000000000_0000000157_0000,11,1
0000000000_0000000256_0000,0000000000_0000000014_0000,4,1
0000000000_0000000257_0000,0000000000_0000000256_0000,5,0
0000000000_0000000258_0000,0000000000_0000000157_0000,11,11
0000000000_0000000259_0000,0000000000_0000000240_0000,5,0
0000000000_0000000260_0000,0000000000_0000000208_0000,12,19
0000000000_0000000261_0000,0000000000_0000000240_0000,5,1
0000000000_0000000262_0000,0000000000_0000000012_0000,3,3
0000000000_0000000263_0000,0000000000_0000000012_0000,3,3
0000000000_0000000264_0000,0000000000_0000000262_0000,4,0
0000000000_0000000265_0000,0000000000_0000000262_0000,4,0
0000000000_0000000266_0000,0000000000_0000000180_0000,12,4
0000000000_0000000267_0000,0000000000_0000000262_0000,4,0
0000000000_0000000268_0000,0000000000_0000000262_0000,4,0
0000000000_0000000269_0000,0000000000_0000000262_0000,4,0
0000000000_0000000270_0000,0000000000_0000000262_0000,4,0
0000000000_0000000271_0000,0000000000_0000000262_0000,4,0
0000000000_0000000272_0000,0000000000_0000000262_0000,4,0
0000000000_0000000273_0000,0000000000_0000000263_0000,4,0
0000000000_0000000274_0000,0000000000_0000000262_0000,4,0
0000000000_0000000275_0000,0000000000_0000000262_0000,4,0
0000000000_0000000276_0000,0000000000_0000000263_0000,4,0
0000000000_0000000277_0000,0000000000_0000002415_0000,3,0
0000000000_0000000278_0000,0000000000_0000000262_0000,4,0
0000000000_0000000279_0000,0000000000_0000000263_0000,4,2
0000000000_0000000280_0000,0000000000_0000000262_0000,4,0
0000000000_0000000281_0000,0000000000_0000000262_0000,4,0
0000000000_0000000282_0000,0000000000_0000000262_0000,4,0
0000000000_0000000283_0000,0000000000_0000000262_0000,4,0
0000000000_0000000284_0000,0000000000_0000000262_0000,4,0
0000000000_0000000285_0000,0000000000_0000000262_0000,4,0
0000000000_0000000286_0000,0000000000_0000000263_0000,4,0
0000000000_0000000287_0000,0000000000_0000000262_0000,4,0
0000000000_0000000288_0000,0000000000_0000000263_0000,4,0
0000000000_0000000289_0000,0000000000_0000000262_0000,4,0
0000000000_0000000290_0000,0000000000_0000000263_0000,4,1
0000000000_0000000291_0000,0000000000_0000000262_0000,4,0
0000000000_0000000292_0000,0000000000_0000000262_0000,4,2
0000000000_0000000293_0000,0000000000_0000000263_0000,4,0
0000000000_0000000294_0000,0000000000_0000000262_0000,4,0
0000000000_0000000295_0000,0000000000_0000000262_0000,4,0
0000000000_0000000296_0000,0000000000_0000000263_0000,4,0
0000000000_0000000297_0000,0000000000_0000000262_0000,4,0
0000000000_0000000298_0000,0000000000_0000000262_0000,4,0
0000000000_0000000299_0000,0000000000_0000000263_0000,4,0
0000000000_0000000300_0000,0000000000_0000000262_0000,4,0
0000000000_0000000301_0000,0000000000_0000000258_0000,12,5
0000000000_0000000302_0000,0000000000_0000000262_0000,4,0
0000000000_0000000303_0000,0000000000_0000000263_0000,4,0
0000000000_0000000304_0000,0000000000_0000000262_0000,4,0
0000000000_0000000305_0000,0000000000_0000000263_0000,4,0
0000000000_0000000306_0000,0000000000_0000000262_0000,4,0
0000000000_0000000307_0000,0000000000_0000000262_0000,4,1
0000000000_0000000308_0000,0000000000_0000000262_0000,4,0
0000000000_0000000309_0000,0000000000_0000000262_0000,4,0
0000000000_0000000310_0000,0000000000_0000000263_0000,4,0
0000000000_0000000311_0000,0000000000_0000000262_0000,4,0
0000000000_0000000312_0000,0000000000_0000000262_0000,4,0
0000000000_0000000313_0000,0000000000_0000000263_0000,4,0
0000000000_0000000314_0000,0000000000_0000000263_0000,4,0
0000000000_0000000315_0000,0000000000_0000000263_0000,4,0
0000000000_0000000316_0000,0000000000_0000000262_0000,4,0
0000000000_0000000317_0000,0000000000_0000000263_0000,4,0
0000000000_0000000318_0000,0000000000_0000000262_0000,4,0
0000000000_0000000319_0000,0000000000_0000000262_0000,4,0
0000000000_0000000320_0000,0000000000_0000000263_0000,4,0
0000000000_0000000321_0000,0000000000_0000000262_0000,4,1
0000000000_0000000322_0000,0000000000_0000000263_0000,4,0
0000000000_0000000323_0000,0000000000_0000000262_0000,4,0
0000000000_0000000324_0000,0000000000_0000000262_0000,4,0
0000000000_0000000325_0000,0000000000_0000000263_0000,4,0
0000000000_0000000326_0000,0000000000_0000000262_0000,4,1
0000000000_0000000327_0000,0000000000_0000000263_0000,4,0
0000000000_0000000328_0000,0000000000_0000000262_0000,4,0
0000000000_0000000329_0000,0000000000_0000000262_0000,4,0
0000000000_0000000330_0000,0000000000_0000000262_0000,4,0
0000000000_0000000331_0000,0000000000_0000000262_0000,4,0
0000000000_0000000332_0000,0000000000_0000000262_0000,4,0
0000000000_0000000333_0000,0000000000_0000000263_0000,4,1
0000000000_0000000334_0000,0000000000_0000000262_0000,4,0
0000000000_0000000335_0000,0000000000_0000000262_0000,4,0
0000000000_0000000336_0000,0000000000_0000000262_0000,4,0
0000000000_0000000337_0000,0000000000_0000000262_0000,4,0
0000000000_0000000338_0000,0000000000_0000000262_0000,4,0
0000000000_0000000339_0000,0000000000_0000000262_0000,4,0
0000000000_0000000340_0000,0000000000_0000000262_0000,4,0
0000000000_0000000341_0000,0000000000_0000000262_0000,4,0
0000000000_0000000342_0000,0000000000_0000000262_0000,4,0
0000000000_0000000343_0000,0000000000_0000000262_0000,4,0
0000000000_0000000344_0000,0000000000_0000000262_0000,4,0
0000000000_0000000345_0000,0000000000_0000000263_0000,4,0
0000000000_0000000346_0000,0000000000_0000000262_0000,4,0
0000000000_0000000347_0000,0000000000_0000000262_0000,4,0
0000000000_0000000348_0000,0000000000_0000000263_0000,4,0
0000000000_0000000349_0000,0000000000_0000000262_0000,4,0
0000000000_0000000350_0000,0000000000_0000000262_0000,4,0
0000000000_0000000351_0000,0000000000_0000000263_0000,4,0
0000000000_0000000352_0000,0000000000_0000000262_0000,4,0
0000000000_0000000353_0000,0000000000_0000000262_0000,4,0
0000000000_0000000354_0000,0000000000_0000000262_0000,4,0
0000000000_0000000355_0000,0000000000_0000000263_0000,4,0
0000000000_0000000356_0000,0000000000_0000000262_0000,4,0
0000000000_0000000357_0000,0000000000_0000000262_0000,4,0
0000000000_0000000358_0000,0000000000_0000000262_0000,4,0
0000000000_0000000359_0000,0000000000_0000000262_0000,4,0
0000000000_0000000360_0000,0000000000_0000000263_0000,4,0
0000000000_0000000361_0000,0000000000_0000000262_0000,4,0
0000000000_0000000362_0000,0000000000_0000000262_0000,4,0
0000000000_0000000363_0000,0000000000_0000000262_0000,4,0
0000000000_0000000364_0000,0000000000_0000000262_0000,4,0
0000000000_0000000365_0000,0000000000_0000000263_0000,4,1
0000000000_0000000366_0000,0000000000_0000000262_0000,4,0
0000000000_0000000367_0000,0000000000_0000000262_0000,4,1
0000000000_0000000368_0000,0000000000_0000000262_0000,4,0
0000000000_0000000369_0000,0000000000_0000000262_0000,4,1
0000000000_0000000370_0000,0000000000_0000000263_0000,4,0
0000000000_0000000371_0000,0000000000_0000000262_0000,4,1
0000000000_0000000372_0000,0000000000_0000000263_0000,4,1
0000000000_0000000373_0000,0000000000_0000000262_0000,4,0
0000000000_0000000374_0000,0000000000_0000000262_0000,4,0
0000000000_0000000375_0000,0000000000_0000000263_0000,4,0
0000000000_0000000376_0000,0000000000_0000000262_0000,4,1
0000000000_0000000377_0000,0000000000_0000000262_0000,4,0
0000000000_0000000378_0000,0000000000_0000000263_0000,4,0
0000000000_0000000379_0000,0000000000_0000000263_0000,4,1
0000000000_0000000380_0000,0000000000_0000000263_0000,4,1
0000000000_0000000381_0000,0000000000_0000000262_0000,4,0
0000000000_0000000382_0000,0000000000_0000000263_0000,4,0
0000000000_0000000383_0000,0000000000_0000000262_0000,4,0
0000000000_0000000384_0000,0000000000_0000000263_0000,4,0
0000000000_0000000385_0000,0000000000_0000000263_0000,4,0
0000000000_0000000386_0000,0000000000_0000000262_0000,4,0
0000000000_0000000387_0000,0000000000_0000000262_0000,4,0
0000000000_0000000388_0000,0000000000_0000000262_0000,4,0
0000000000_0000000389_0000,0000000000_0000000262_0000,4,0
0000000000_0000000390_0000,0000000000_0000000263_0000,4,0
0000000000_0000000391_0000,0000000000_0000000263_0000,4,0
0000000000_0000000392_0000,0000000000_0000000263_0000,4,0
0000000000_0000000393_0000,0000000000_0000000262_0000,4,0
0000000000_0000000394_0000,0000000000_0000000263_0000,4,0
0000000000_0000000395_0000,0000000000_0000000262_0000,4,0
0000000000_0000000396_0000,0000000000_0000000262_0000,4,0
0000000000_0000000397_0000,0000000000_0000000262_0000,4,0
0000000000_0000000398_0000,0000000000_0000000262_0000,4,0
0000000000_0000000399_0000,0000000000_0000000262_0000,4,0
0000000000_0000000400_0000,0000000000_0000000262_0000,4,0
0000000000_0000000401_0000,0000000000_0000000262_0000,4,0
0000000000_0000000402_0000,0000000000_0000000263_0000,4,0
0000000000_0000000403_0000,0000000000_0000000262_0000,4,0
0000000000_0000000404_0000,0000000000_0000000263_0000,4,0
0000000000_0000000405_0000,0000000000_0000000262_0000,4,0
0000000000_0000000406_0000,0000000000_0000000263_0000,4,0
0000000000_0000000407_0000,0000000000_0000000262_0000,4,0
0000000000_0000000408_0000,0000000000_0000000263_0000,4,0
0000000000_0000000409_0000,0000000000_0000000263_0000,4,0
0000000000_0000000410_0000,0000000000_0000000263_0000,4,0
0000000000_0000000411_0000,0000000000_0000000263_0000,4,0
0000000000_0000000412_0000,0000000000_0000000263_0000,4,0
0000000000_0000000413_0000,0000000000_0000000263_0000,4,0
0000000000_0000000414_0000,0000000000_0000000263_0000,4,0
0000000000_0000000415_0000,0000000000_0000000263_0000,4,0
0000000000_0000000416_0000,0000000000_0000000263_0000,4,0
0000000000_0000000417_0000,0000000000_0000000263_0000,4,0
0000000000_0000000418_0000,0000000000_0000000263_0000,4,0
0000000000_0000000419_0000,0000000000_0000000263_0000,4,0
0000000000_0000000420_0000,0000000000_0000000263_0000,4,0
0000000000_0000000421_0000,0000000000_0000000263_0000,4,0
0000000000_0000000422_0000,0000000000_0000000263_0000,4,0
0000000000_0000000423_0000,0000000000_0000000263_0000,4,0
0000000000_0000000424_0000,0000000000_0000000263_0000,4,0
0000000000_0000000425_0000,0000000000_0000000263_0000,4,0
0000000000_0000000426_0000,0000000000_0000000263_0000,4,0
0000000000_0000000427_0000,0000000000_0000000263_0000,4,0
0000000000_0000000428_0000,0000000000_0000000263_0000,4,0
0000000000_0000000429_0000,0000000000_0000000263_0000,4,0
0000000000_0000000430_0000,0000000000_0000000263_0000,4,1
0000000000_0000000431_0000,0000000000_0000000263_0000,4,0
0000000000_0000000432_0000,0000000000_0000000263_0000,4,0
0000000000_0000000433_0000,0000000000_0000000263_0000,4,0
0000000000_0000000434_0000,0000000000_0000000263_0000,4,0
0000000000_0000000435_0000,0000000000_0000000263_0000,4,0
0000000000_0000000436_0000,0000000000_0000000263_0000,4,0
0000000000_0000000437_0000,0000000000_0000000263_0000,4,0
0000000000_0000000438_0000,0000000000_0000000263_0000,4,0
0000000000_0000000439_0000,0000000000_0000000263_0000,4,0
0000000000_0000000440_0000,0000000000_0000000263_0000,4,0
0000000000_0000000441_0000,0000000000_0000000263_0000,4,0
0000000000_0000000442_0000,0000000000_0000000263_0000,4,0
0000000000_0000000443_0000,0000000000_0000000263_0000,4,0
0000000000_0000000444_0000,0000000000_0000000263_0000,4,0
0000000000_0000000445_0000,0000000000_0000000263_0000,4,0
0000000000_0000000446_0000,0000000000_0000000263_0000,4,0
0000000000_0000000447_0000,0000000000_0000000263_0000,4,0
0000000000_0000000448_0000,0000000000_0000000263_0000,4,0
0000000000_0000000449_0000,0000000000_0000000263_0000,4,0
0000000000_0000000450_0000,0000000000_0000000263_0000,4,1
0000000000_0000000451_0000,0000000000_0000000263_0000,4,0
0000000000_0000000452_0000,0000000000_0000000263_0000,4,0
0000000000_0000000453_0000,0000000000_0000000263_0000,4,0
0000000000_0000000454_0000,0000000000_0000000263_0000,4,0
0000000000_0000000455_0000,0000000000_0000000263_0000,4,0
0000000000_0000000456_0000,0000000000_0000000263_0000,4,0
0000000000_0000000457_0000,0000000000_0000000263_0000,4,0
0000000000_0000000458_0000,0000000000_0000000263_0000,4,0
0000000000_0000000459_0000,0000000000_0000000263_0000,4,0
0000000000_0000000460_0000,0000000000_0000000263_0000,4,0
0000000000_0000000461_0000,0000000000_0000000263_0000,4,0
0000000000_0000000462_0000,0000000000_0000000000_0000,2,0
0000000000_0000000463_0000,0000000000_0000000240_0000,5,0
0000000000_0000000464_0000,0000000000_0000000258_0000,12,2
0000000000_0000000465_0000,0000000000_0000000464_0000,13,0
0000000000_0000000466_0000,0000000000_0000000157_0000,11,0
0000000000_0000000467_0000,0000000000_0000000240_0000,5,3
0000000000_0000000468_0000,0000000000_0000000208_0000,12,0
0000000000_0000000469_0000,0000000000_0000000015_0000,10,5
0000000000_0000000470_0000,0000000000_0000000157_0000,11,0
0000000000_0000000471_0000,0000000000_0000000464_0000,13,1
0000000000_0000000472_0000,0000000000_0000000471_0000,14,0
0000000000_0000000473_0000,0000000000_0000000258_0000,12,0
0000000000_0000000474_0000,0000000000_0000000240_0000,5,1
0000000000_0000000475_0000,0000000000_0000000240_0000,5,1
0000000000_0000000476_0000,0000000000_0000000014_0000,4,0
0000000000_0000000477_0000,0000000000_0000000208_0000,12,0
0000000000_0000000478_0000,0000000000_0000000467_0000,6,2
0000000000_0000000479_0000,0000000000_0000000157_0000,11,1
0000000000_0000000480_0000,0000000000_0000000157_0000,11,0
0000000000_0000000481_0000,0000000000_0000000478_0000,7,1
0000000000_0000000482_0000,0000000000_0000000263_0000,4,0
0000000000_0000000483_0000,0000000000_0000000208_0000,12,0
0000000000_0000000484_0000,0000000000_0000000467_0000,6,2
0000000000_0000000485_0000,0000000000_0000000258_0000,12,0
0000000000_0000000486_0000,0000000000_0000000467_0000,6,0
0000000000_0000000487_0000,0000000000_0000000258_0000,12,0
0000000000_0000000488_0000,0000000000_0000000157_0000,11,16
0000000000_0000000489_0000,0000000000_0000000189_0000,12,18
0000000000_0000000490_0000,0000000000_0000000489_0000,13,2
0000000000_0000000491_0000,0000000000_0000000489_0000,13,2
0000000000_0000000492_0000,0000000000_0000000489_0000,13,4
0000000000_0000000493_0000,0000000000_0000000489_0000,13,1
0000000000_0000000494_0000,0000000000_0000000489_0000,13,1
0000000000_0000000495_0000,0000000000_0000000489_0000,13,3
0000000000_0000000496_0000,0000000000_0000000489_0000,13,2
0000000000_0000000497_0000,0000000000_0000000489_0000,13,17
0000000000_0000000498_0000,0000000000_0000000489_0000,13,3
0000000000_0000000499_0000,0000000000_0000000489_0000,13,1
0000000000_0000000500_0000,0000000000_0000000489_0000,13,0
0000000000_0000000501_0000,0000000000_0000000491_0000,14,0
0000000000_0000000502_0000,0000000000_0000000491_0000,14,1
0000000000_0000000503_0000,0000000000_0000000491_0000,14,0
0000000000_0000000504_0000,0000000000_0000000492_0000,14,0
0000000000_0000000505_0000,0000000000_0000000492_0000,14,3
0000000000_0000000506_0000,0000000000_0000000492_0000,14,0
0000000000_0000000507_0000,0000000000_0000000498_0000,14,0
0000000000_0000000508_0000,0000000000_0000000499_0000,14,0
0000000000_0000000509_0000,0000000000_0000000499_0000,14,0
0000000000_0000000510_0000,0000000000_0000000497_0000,14,16
0000000000_0000000511_0000,0000000000_0000000510_0000,15,1
0000000000_0000000512_0000,0000000000_0000000510_0000,15,0
0000000000_0000000513_0000,0000000000_0000000495_0000,14,2
0000000000_0000000514_0000,0000000000_0000000495_0000,14,0
0000000000_0000000515_0000,0000000000_0000000496_0000,14,0
0000000000_0000000516_0000,0000000000_0000000495_0000,14,0
0000000000_0000000517_0000,0000000000_0000000496_0000,14,1
0000000000_0000000518_0000,0000000000_0000000014_0000,4,3
0000000000_0000000519_0000,0000000000_0000000518_0000,5,2
0000000000_0000000520_0000,0000000000_0000000519_0000,6,1
0000000000_0000000521_0000,0000000000_0000000520_0000,7,0
0000000000_0000000522_0000,0000000000_0000000467_0000,6,2
0000000000_0000000523_0000,0000000000_0000000015_0000,10,1
0000000000_0000000524_0000,0000000000_0000000015_0000,10,0
0000000000_0000000525_0000,0000000000_0000000467_0000,6,0
0000000000_0000000526_0000,0000000000_0000000467_0000,6,2
0000000000_0000000527_0000,0000000000_0000000000_0000,2,0
0000000000_0000000528_0000,0000000000_0000000000_0000,2,0
0000000000_0000000529_0000,0000000000_0000000467_0000,6,0
0000000000_0000000530_0000,0000000000_0000000497_0000,14,0
0000000000_0000000531_0000,0000000000_0000000467_0000,6,0
0000000000_0000000532_0000,0000000000_0000000035_0000,5,0
0000000000_0000000533_0000,0000000000_0000000208_0000,12,0
0000000000_0000000534_0000,0000000000_0000000035_0000,5,0
0000000000_0000000535_0000,0000000000_0000000511_0000,16,0
0000000000_0000000536_0000,0000000000_0000000467_0000,6,0
0000000000_0000000537_0000,0000000000_0000000510_0000,15,0
0000000000_0000000538_0000,0000000000_0000000240_0000,5,1
0000000000_0000000539_0000,0000000000_0000000538_0000,6,0
0000000000_0000000540_0000,0000000000_0000000208_0000,12,19
0000000000_0000000541_0000,0000000000_0000000484_0000,7,1
0000000000_0000000542_0000,0000000000_0000000541_0000,8,0
0000000000_0000000543_0000,0000000000_0000000015_0000,10,0
0000000000_0000000544_0000,0000000000_0000000015_0000,10,0
0000000000_0000000545_0000,0000000000_0000000494_0000,14,0
0000000000_0000000546_0000,0000000000_0000000000_0000,2,0
0000000000_0000000547_0000,0000000000_0000000000_0000,2,0
0000000000_0000000548_0000,0000000000_0000000000_0000,2,2
0000000000_0000000549_0000,0000000000_0000000035_0000,5,0
0000000000_0000000550_0000,0000000000_0000000488_0000,12,15
0000000000_0000000551_0000,0000000000_0000000550_0000,13,14
0000000000_0000000552_0000,0000000000_0000000551_0000,14,13
0000000000_0000000553_0000,0000000000_0000000552_0000,15,0
0000000000_0000000554_0000,0000000000_0000000493_0000,14,0
0000000000_0000000555_0000,0000000000_0000000493_0000,14,0
0000000000_0000000556_0000,0000000000_0000000510_0000,15,15
0000000000_0000000557_0000,0000000000_0000000510_0000,15,0
0000000000_0000000558_0000,0000000000_0000000015_0000,10,7
0000000000_0000000559_0000,0000000000_0000000015_0000,10,0
0000000000_0000000560_0000,0000000000_0000000015_0000,10,0
0000000000_0000000561_0000,0000000000_0000000015_0000,10,0
0000000000_0000000562_0000,0000000000_0000000015_0000,10,2
0000000000_0000000563_0000,0000000000_0000000015_0000,10,1
0000000000_0000000564_0000,0000000000_0000000015_0000,10,0
0000000000_0000000565_0000,0000000000_0000000015_0000,10,0
0000000000_0000000566_0000,0000000000_0000000015_0000,10,0
0000000000_0000000567_0000,0000000000_0000000015_0000,10,0
0000000000_0000000568_0000,0000000000_0000000015_0000,10,0
0000000000_0000000569_0000,0000000000_0000000467_0000,6,0
0000000000_0000000570_0000,0000000000_0000000208_0000,12,7
0000000000_0000000571_0000,0000000000_0000000258_0000,12,0
0000000000_0000000572_0000,0000000000_0000000540_0000,13,0
0000000000_0000000573_0000,0000000000_0000000467_0000,6,0
0000000000_0000000574_0000,0000000000_0000000247_0000,6,1
0000000000_0000000575_0000,0000000000_0000000157_0000,11,2
0000000000_0000000576_0000,0000000000_0000000015_0000,10,0
0000000000_0000000577_0000,0000000000_0000000526_0000,7,0
0000000000_0000000578_0000,0000000000_0000000157_0000,11,0
0000000000_0000000579_0000,0000000000_0000000540_0000,13,0
0000000000_0000000580_0000,0000000000_0000000258_0000,12,2
0000000000_0000000581_0000,0000000000_0000000540_0000,13,18
0000000000_0000000582_0000,0000000000_0000000467_0000,6,1
0000000000_0000000583_0000,0000000000_0000000467_0000,6,0
0000000000_0000000584_0000,0000000000_0000000240_0000,5,3
0000000000_0000000585_0000,0000000000_0000000181_0000,11,0
0000000000_0000000586_0000,0000000000_0000000467_0000,6,2
0000000000_0000000587_0000,0000000000_0000000015_0000,10,12
0000000000_0000000588_0000,0000000000_0000000581_0000,14,1
0000000000_0000000589_0000,0000000000_0000000015_0000,10,2
0000000000_0000000590_0000,0000000000_0000000181_0000,11,1
0000000000_0000000591_0000,0000000000_0000000181_0000,11,0
0000000000_0000000592_0000,0000000000_0000000540_0000,13,2
0000000000_0000000593_0000,0000000000_0000000592_0000,14,1
0000000000_0000000594_0000,0000000000_0000000592_0000,14,0
0000000000_0000000595_0000,0000000000_0000000581_0000,14,17
0000000000_0000000596_0000,0000000000_0000000240_0000,5,0
0000000000_0000000597_0000,0000000000_0000000208_0000,12,0
0000000000_0000000598_0000,0000000000_0000000247_0000,6,0
0000000000_0000000599_0000,0000000000_0000000208_0000,12,1
0000000000_0000000600_0000,0000000000_0000000575_0000,12,0
0000000000_0000000601_0000,0000000000_0000000552_0000,15,0
0000000000_0000000602_0000,0000000000_0000000015_0000,10,2
0000000000_0000000603_0000,0000000000_0000000015_0000,10,0
0000000000_0000000604_0000,0000000000_0000000035_0000,5,0
0000000000_0000000605_0000,0000000000_0000000540_0000,13,0
0000000000_0000000606_0000,0000000000_0000000464_0000,13,0
0000000000_0000000607_0000,0000000000_0000000592_0000,14,0
0000000000_0000000608_0000,0000000000_0000000467_0000,6,0
0000000000_0000000609_0000,0000000000_0000000467_0000,6,0
0000000000_0000000610_0000,0000000000_0000000467_0000,6,0
0000000000_0000000611_0000,0000000000_0000000469_0000,11,1
0000000000_0000000612_0000,0000000000_0000000611_0000,12,0
0000000000_0000000613_0000,0000000000_0000000538_0000,6,0
0000000000_0000000614_0000,0000000000_0000000611_0000,12,0
0000000000_0000000615_0000,0000000000_0000000540_0000,13,2
0000000000_0000000616_0000,0000000000_0000000258_0000,12,2
0000000000_0000000617_0000,0000000000_0000000616_0000,13,0
0000000000_0000000618_0000,0000000000_0000000243_0000,5,2
0000000000_0000000619_0000,0000000000_0000000618_0000,6,0
0000000000_0000000620_0000,0000000000_0018349311_0000,24,13
0000000000_0000000621_0000,0000000000_0000000238_0000,8,1
0000000000_0000000622_0000,0000000000_0000000258_0000,12,0
0000000000_0000000623_0000,0000000000_0000000556_0000,16,14
0000000000_0000000624_0000,0000000000_0000000623_0000,17,13
0000000000_0000000625_0000,0000000000_0000000624_0000,18,12
0000000000_0000000626_0000,0000000000_0000000625_0000,19,11
0000000000_0000000627_0000,0000000000_0000000626_0000,20,10
0000000000_0000000628_0000,0000000000_0000000247_0000,6,0
0000000000_0000000629_0000,0000000000_0000000015_0000,10,2
0000000000_0000000630_0000,0000000000_0000000626_0000,20,7
0000000000_0000000631_0000,0000000000_0000000630_0000,21,6
0000000000_0000000632_0000,0000000000_0000000593_0000,15,0
0000000000_0000000633_0000,0000000000_0000000587_0000,11,0
0000000000_0000000634_0000,0000000000_0000000581_0000,14,1
0000000000_0000000635_0000,0000000000_0000000615_0000,14,0
0000000000_0000000636_0000,0000000000_0000027680_0000,11,39
0000000000_0000000637_0000,0000000000_0000000629_0000,11,0
0000000000_0000000638_0000,0000000000_0000000629_0000,11,1
0000000000_0000000639_0000,0000000000_0000000552_0000,15,0
0000000000_0000000640_0000,0000000000_0000000467_0000,6,0
0000000000_0000000641_0000,0000000000_0000000519_0000,6,0
0000000000_0000000642_0000,0000000000_0000000015_0000,10,6
0000000000_0000000643_0000,0000000000_0000000243_0000,5,0
0000000000_0000000644_0000,0000000000_0000000157_0000,11,3
0000000000_0000000645_0000,0000000000_0000000644_0000,12,2
0000000000_0000000646_0000,0000000000_0000000258_0000,12,0
0000000000_0000000647_0000,0000000000_0000000540_0000,13,0
0000000000_0000000648_0000,0000000000_0000000258_0000,12,0
0000000000_0000000649_0000,0000000000_0000000258_0000,12,0
0000000000_0000000650_0000,0000000000_0000000208_0000,12,0
0000000000_0000000651_0000,0000000000_0000000240_0000,5,15
0000000000_0000000652_0000,0000000000_0000000595_0000,15,0
0000000000_0000000653_0000,0000000000_0000000157_0000,11,0
0000000000_0000000654_0000,0000000000_0000000595_0000,15,16
0000000000_0000000655_0000,0000000000_0000000627_0000,21,6
0000000000_0000000656_0000,0000000000_0000000655_0000,22,0
0000000000_0000000657_0000,0000000000_0000000654_0000,16,2
0000000000_0000000658_0000,0000000000_0000000233_0000,14,0
0000000000_0000000659_0000,0000000000_0000000655_0000,22,0
0000000000_0000000660_0000,0000000000_0000000655_0000,22,0
0000000000_0000000661_0000,0000000000_0000000655_0000,22,0
0000000000_0000000662_0000,0000000000_0000000655_0000,22,1
0000000000_0000000663_0000,0000000000_0000000208_0000,12,0
0000000000_0000000664_0000,0000000000_0000000552_0000,15,4
0000000000_0000000665_0000,0000000000_0000000655_0000,22,2
0000000000_0000000666_0000,0000000000_0000000665_0000,23,1
0000000000_0000000667_0000,0000000000_0000000233_0000,14,4
0000000000_0000000668_0000,0000000000_0000000615_0000,14,1
0000000000_0000000669_0000,0000000000_0000000664_0000,16,3
0000000000_0000000670_0000,0000000000_0000000595_0000,15,2
0000000000_0000000671_0000,0000000000_0000000670_0000,16,1
0000000000_0000000672_0000,0000000000_0000000258_0000,12,2
0000000000_0000000673_0000,0000000000_0000000672_0000,13,1
0000000000_0000000674_0000,0000000000_0000000615_0000,14,0
0000000000_0000000675_0000,0000000000_0000000673_0000,14,0
0000000000_0000000676_0000,0000000000_0000000015_0000,10,1
0000000000_0000000677_0000,0000000000_0000000676_0000,11,0
0000000000_0000000678_0000,0000000000_0000000575_0000,12,1
0000000000_0000000679_0000,0000000000_0000000626_0000,20,10
0000000000_0000000680_0000,0000000000_0000000679_0000,21,9
0000000000_0000000681_0000,0000000000_0000000627_0000,21,9
0000000000_0000000682_0000,0000000000_0000000680_0000,22,8
0000000000_0000000683_0000,0000000000_0000000682_0000,23,7
0000000000_0000000684_0000,0000000000_0000000655_0000,22,0
0000000000_0000000685_0000,0000000000_0000000679_0000,21,0
0000000000_0000000686_0000,0000000000_0000000246_0000,6,0
0000000000_0000000687_0000,0000000000_0000000681_0000,22,0
0000000000_0000000688_0000,0000000000_0000000000_0000,2,0
0000000000_0000000689_0000,0000000000_0000000602_0000,11,1
0000000000_0000000690_0000,0000000000_0000000689_0000,12,0
0000000000_0000000691_0000,0000000000_0000000627_0000,21,1
0000000000_0000000692_0000,0000000000_0000000681_0000,22,0
0000000000_0000000693_0000,0000000000_0000000681_0000,22,0
0000000000_0000000694_0000,0000000000_0000000000_0000,2,0
0000000000_0000000695_0000,0000000000_0000000655_0000,22,0
0000000000_0000000696_0000,0000000000_0000000681_0000,22,0
0000000000_0000000697_0000,0000000000_0000000000_0000,2,1
0000000000_0000000698_0000,0000000000_0000000526_0000,7,0
0000000000_0000000699_0000,0000000000_0000000301_0000,13,4
0000000000_0000000700_0000,0000000000_0000000556_0000,16,1
0000000000_0000000701_0000,0000000000_0000000681_0000,22,0
0000000000_0000000702_0000,0000000000_0000000015_0000,10,3
0000000000_0000000703_0000,0000000000_0000000702_0000,11,2
0000000000_0000000704_0000,0000000000_0000000703_0000,12,1
0000000000_0000000705_0000,0000000000_0000000015_0000,10,2
0000000000_0000000706_0000,0000000000_0000000589_0000,11,0
0000000000_0000000707_0000,0000000000_0000000655_0000,22,2
0000000000_0000000708_0000,0000000000_0000000258_0000,12,0
0000000000_0000000709_0000,0000000000_0000000681_0000,22,1
0000000000_0000000710_0000,0000000000_0000000015_0000,10,0
0000000000_0000000711_0000,0000000000_0000000704_0000,13,0
0000000000_0000000712_0000,0000000000_0000000582_0000,7,0
0000000000_0000000713_0000,0000000000_0000000704_0000,13,0
0000000000_0000000714_0000,0000000000_0000000679_0000,21,3
0000000000_0000000715_0000,0000000000_0000000714_0000,22,2
0000000000_0000000716_0000,0000000000_0000000715_0000,23,1
0000000000_0000000717_0000,0000000000_0000002101_0000,14,0
0000000000_0000000718_0000,0000000000_0000000679_0000,21,1
0000000000_0000000719_0000,0000000000_0000000679_0000,21,0
0000000000_0000000720_0000,0000000000_0000000552_0000,15,0
0000000000_0000000721_0000,0000000000_0000000704_0000,13,0
0000000000_0000000722_0000,0000000000_0000000718_0000,22,0
0000000000_0000000723_0000,0000000000_0000000015_0000,10,0
0000000000_0000000724_0000,0000000000_0000000679_0000,21,0
0000000000_0000000725_0000,0000000000_0000000704_0000,13,0
0000000000_0000000726_0000,0000000000_0000000679_0000,21,1
0000000000_0000000727_0000,0000000000_0000026720_0000,13,2
0000000000_0000000728_0000,0000000000_0000000258_0000,12,0
0000000000_0000000729_0000,0000000000_0000000589_0000,11,1
0000000000_0000000730_0000,0000000000_0000000654_0000,16,0
0000000000_0000000731_0000,0000000000_0000000654_0000,16,1
0000000000_0000000732_0000,0000000000_0000000651_0000,6,1
0000000000_0000000733_0000,0000000000_0000000599_0000,13,0
0000000000_0000000734_0000,0000000000_0000000247_0000,6,1
0000000000_0000000735_0000,0000000000_0000000035_0000,5,0
0000000000_0000000736_0000,0000000000_0000000137_0000,8,13
0000000000_0000000737_0000,0000000000_0000000208_0000,12,1
0000000000_0000000738_0000,0000000000_0000000679_0000,21,1
0000000000_0000000739_0000,0000000000_0000000738_0000,22,0
0000000000_0000000740_0000,0000000000_0000000679_0000,21,0
0000000000_0000000741_0000,0000000000_0000000726_0000,22,0
0000000000_0000000742_0000,0000000000_0000000469_0000,11,0
0000000000_0000000743_0000,0000000000_0000000015_0000,10,2
0000000000_0000000744_0000,0000000000_0000000505_0000,15,2
0000000000_0000000745_0000,0000000000_0000000035_0000,5,0
0000000000_0000000746_0000,0000000000_0000000016_0000,8,5
0000000000_0000000747_0000,0000000000_0000000746_0000,9,4
0000000000_0000000748_0000,0000000000_0000000746_0000,9,0
0000000000_0000000749_0000,0000000000_0000000746_0000,9,1
0000000000_0000000751_0000,0000000000_0000000679_0000,21,0
0000000000_0000000752_0000,0000000000_0000000676_0000,11,0
0000000000_0000000753_0000,0000000000_0000000704_0000,13,0
0000000000_0000000754_0000,0000000000_0000000000_0000,2,0
0000000000_0000000755_0000,0000000000_0000000258_0000,12,3
0000000000_0000000756_0000,0000000000_0000000681_0000,22,0
0000000000_0000000757_0000,0000000000_0000000642_0000,11,5
0000000000_0000000759_0000,0000000000_0000000757_0000,12,4
0000000000_0000000760_0000,0000000000_0000000000_0000,2,0
0000000000_0000000761_0000,0000000000_0000000679_0000,21,0
0000000000_0000000762_0000,0000000000_0000000651_0000,6,1
0000000000_0000000763_0000,0000000000_0000000505_0000,15,1
0000000000_0000000764_0000,0000000000_0000000763_0000,16,0
0000000000_0000000765_0000,0000000000_0000000651_0000,6,1
0000000000_0000000766_0000,0000000000_0000000552_0000,15,0
0000000000_0000000767_0000,0000000000_0000000679_0000,21,2
0000000000_0000000768_0000,0000000000_0000000747_0000,10,3
0000000000_0000000769_0000,0000000000_0000000757_0000,12,1
0000000000_0000000770_0000,0000000000_0000000768_0000,11,2
0000000000_0000000771_0000,0000000000_0000000770_0000,12,1
0000000000_0000000772_0000,0000000000_0000000771_0000,13,0
0000000000_0000000773_0000,0000000000_0000000736_0000,9,12
0000000000_0000000774_0000,0000000000_0000000767_0000,22,0
0000000000_0000000775_0000,0000000000_0000000000_0000,2,1
0000000000_0000000776_0000,0000000000_0000000015_0000,10,2
0000000000_0000000777_0000,0000000000_0000000759_0000,13,0
0000000000_0000000778_0000,0000000000_0000000016_0000,8,1
0000000000_0000000779_0000,0000000000_0000000258_0000,12,0
0000000000_0000000780_0000,0000000000_0000000645_0000,13,0
0000000000_0000000781_0000,0000000000_0000000016_0000,8,0
0000000000_0000000782_0000,0000000000_0000000679_0000,21,0
0000000000_0000000783_0000,0000000000_0000000233_0000,14,0
0000000000_0000000784_0000,0000000000_0000000616_0000,13,1
0000000000_0000000785_0000,0000000000_0000000188_0000,11,2
0000000000_0000000786_0000,0000000000_0000000188_0000,11,3
0000000000_0000000787_0000,0000000000_0000000188_0000,11,90
0000000000_0000000788_0000,0000000000_0000000767_0000,22,1
0000000000_0000000789_0000,0000000000_0000000788_0000,23,0
0000000000_0000000790_0000,0000000000_0000000651_0000,6,0
0000000000_0000000791_0000,0000000000_0000000586_0000,7,0
0000000000_0000000792_0000,0000000000_0000000586_0000,7,1
0000000000_0000000793_0000,0000000000_0000000014_0000,4,1
0000000000_0000000794_0000,0000000000_0000000035_0000,5,1
0000000000_0000000795_0000,0000000000_0000000497_0000,14,0
0000000000_0000000796_0000,0000000000_0000000498_0000,14,2
0000000000_0000000797_0000,0000000000_0000000497_0000,14,0
0000000000_0000000798_0000,0000000000_0000000208_0000,12,14
0000000000_0000000799_0000,0000000000_0000000759_0000,13,0
0000000000_0000000800_0000,0000000000_0000006226_0000,30,26
0000000000_0000000801_0000,0000000000_0000000800_0000,31,0
0000000000_0000000802_0000,0000000000_0000000744_0000,16,0
0000000000_0000000803_0000,0000000000_0000000749_0000,10,0
0000000000_0000000804_0000,0000000000_0000000015_0000,10,4
0000000000_0000000805_0000,0000000000_0000000737_0000,13,0
0000000000_0000000806_0000,0000000000_0000000645_0000,13,0
0000000000_0000000807_0000,0000000000_0000000180_0000,12,0
0000000000_0000000808_0000,0000000000_0000000804_0000,11,3
0000000000_0000000809_0000,0000000000_0000000651_0000,6,0
0000000000_0000000810_0000,0000000000_0000000776_0000,11,0
0000000000_0000000811_0000,0000000000_0000000705_0000,11,1
0000000000_0000000812_0000,0000000000_0000000776_0000,11,0
0000000000_0000000813_0000,0000000000_0000000787_0000,12,0
0000000000_0000000814_0000,0000000000_0000000787_0000,12,3
0000000000_0000000815_0000,0000000000_0000000699_0000,14,0
0000000000_0000000816_0000,0000000000_0000000014_0000,4,0
0000000000_0000000817_0000,0000000000_0000000467_0000,6,0
0000000000_0000000818_0000,0000000000_0000000035_0000,5,1
0000000000_0000000819_0000,0000000000_0000000208_0000,12,1
0000000000_0000000820_0000,0000000000_0000000000_0000,2,0
0000000000_0000000821_0000,0000000000_0000000787_0000,12,3
0000000000_0000000822_0000,0000000000_0000000787_0000,12,2
0000000000_0000000823_0000,0000000000_0000000787_0000,12,0
0000000000_0000000824_0000,0000000000_0000010542_0000,19,57
0000000000_0000000825_0000,0000000000_0000000744_0000,16,0
0000000000_0000000826_0000,0000000000_0000000586_0000,7,1
0000000000_0000000827_0000,0000000000_0000000787_0000,12,1
0000000000_0000000828_0000,0000000000_0000000683_0000,24,4
0000000000_0000000829_0000,0000000000_0000000818_0000,6,0
0000000000_0000000830_0000,0000000000_0000000016_0000,8,1
0000000000_0000000831_0000,0000000000_0000000586_0000,7,0
0000000000_0000000832_0000,0000000000_0000000035_0000,5,1
0000000000_0000000833_0000,0000000000_0000000832_0000,6,0
0000000000_0000000834_0000,0000000000_0000000832_0000,6,0
0000000000_0000000835_0000,0000000000_0000000787_0000,12,23
0000000000_0000000836_0000,0000000000_0000000835_0000,13,22
0000000000_0000000837_0000,0000000000_0000000821_0000,13,0
0000000000_0000000838_0000,0000000000_0000000015_0000,10,3
0000000000_0000000839_0000,0000000000_0000000000_0000,2,1
0000000000_0000000840_0000,0000000000_0000000683_0000,24,0
0000000000_0000000841_0000,0000000000_0000000258_0000,12,2
0000000000_0000000842_0000,0000000000_0000000787_0000,12,4
0000000000_0000000843_0000,0000000000_0000000464_0000,13,0
0000000000_0000000844_0000,0000000000_0000000773_0000,10,0
0000000000_0000000845_0000,0000000000_0000000681_0000,22,2
0000000000_0000000846_0000,0000000000_0000000587_0000,11,0
0000000000_0000000847_0000,0000000000_0000000258_0000,12,0
0000000000_0000000848_0000,0000000000_0000000208_0000,12,0
0000000000_0000000849_0000,0000000000_0000000589_0000,11,0
0000000000_0000000850_0000,0000000000_0000000025_0000,11,0
0000000000_0000000851_0000,0000000000_0000000845_0000,23,0
0000000000_0000000852_0000,0000000000_0000000000_0000,2,0
0000000000_0000000853_0000,0000000000_0000000016_0000,8,4
0000000000_0000000854_0000,0000000000_0000000000_0000,2,0
0000000000_0000000855_0000,0000000000_0000000188_0000,11,1
0000000000_0000000856_0000,0000000000_0000000188_0000,11,0
0000000000_0000000857_0000,0000000000_0000000855_0000,12,0
0000000000_0000000858_0000,0000000000_0000000000_0000,2,0
0000000000_0000000859_0000,0000000000_0000000188_0000,11,2
0000000000_0000000860_0000,0000000000_0000000188_0000,11,1
0000000000_0000000861_0000,0000000000_0000000786_0000,12,0
0000000000_0000000862_0000,0000000000_0000000786_0000,12,0
0000000000_0000000863_0000,0000000000_0000000786_0000,12,0
0000000000_0000000864_0000,0000000000_0000000841_0000,13,1
0000000000_0000000865_0000,0000000000_0000000845_0000,23,0
0000000000_0000000866_0000,0000000000_0000000012_0000,3,0
0000000000_0000000867_0000,0000000000_0000000552_0000,15,0
0000000000_0000000868_0000,0000000000_0000000552_0000,15,1
0000000000_0000000869_0000,0000000000_0000000859_0000,12,0
0000000000_0000000870_0000,0000000000_0000000845_0000,23,0
0000000000_0000000871_0000,0000000000_0000000845_0000,23,0
0000000000_0000000872_0000,0000000000_0000000683_0000,24,1
0000000000_0000000873_0000,0000000000_0000000654_0000,16,0
0000000000_0000000874_0000,0000000000_0000000240_0000,5,0
0000000000_0000000875_0000,0000000000_0000000584_0000,6,0
0000000000_0000000877_0000,0000000000_0000000845_0000,23,0
0000000000_0000000878_0000,0000000000_0000000467_0000,6,2
0000000000_0000000879_0000,0000000000_0000000000_0000,2,1
0000000000_0000000880_0000,0000000000_0000000878_0000,7,1
0000000000_0000000881_0000,0000000000_0000000827_0000,13,0
0000000000_0000000882_0000,0000000000_0000000845_0000,23,0
0000000000_0000000883_0000,0000000000_0000000845_0000,23,0
0000000000_0000000884_0000,0000000000_0000000208_0000,12,0
0000000000_0000000885_0000,0000000000_0000000616_0000,13,0
0000000000_0000000886_0000,0000000000_0000000645_0000,13,0
0000000000_0000000887_0000,0000000000_0000000645_0000,13,1
0000000000_0000000888_0000,0000000000_0000000645_0000,13,1
0000000000_0000000889_0000,0000000000_0000000645_0000,13,0
0000000000_0000000890_0000,0000000000_0000000887_0000,14,0
0000000000_0000000891_0000,0000000000_0000000787_0000,12,30
0000000000_0000000892_0000,0000000000_0000000627_0000,21,0
0000000000_0000000893_0000,0000000000_0000000681_0000,22,0
0000000000_0000000894_0000,0000000000_0000000681_0000,22,1
0000000000_0000000895_0000,0000000000_0000000819_0000,13,0
0000000000_0000000896_0000,0000000000_0000000778_0000,9,0
0000000000_0000000897_0000,0000000000_0000000175_0000,14,3
0000000000_0000000898_0000,0000000000_0000000897_0000,15,2
0000000000_0000000899_0000,0000000000_0000000898_0000,16,1
0000000000_0000000900_0000,0000000000_0000000552_0000,15,0
0000000000_0000000901_0000,0000000000_0000000699_0000,14,0
0000000000_0000000902_0000,0000000000_0000010570_0000,19,48
0000000000_0000000903_0000,0000000000_0000000787_0000,12,2
0000000000_0000000904_0000,0000000000_0000000015_0000,10,1
0000000000_0000000905_0000,0000000000_0000000838_0000,11,0
0000000000_0000000906_0000,0000000000_0000000904_0000,11,0
0000000000_0000000907_0000,0000000000_0000000015_0000,10,0
0000000000_0000000908_0000,0000000000_0000000902_0000,20,1
0000000000_0000000909_0000,0000000000_0000000908_0000,21,0
0000000000_0000000910_0000,0000000000_0000000838_0000,11,1
0000000000_0000000912_0000,0000000000_0000000910_0000,12,0
0000000000_0000000913_0000,0000000000_0000000016_0000,8,0
0000000000_0000000914_0000,0000000000_0000000238_0000,8,0
0000000000_0000000915_0000,0000000000_0000000699_0000,14,0
0000000000_0000000916_0000,0000000000_0000000838_0000,11,0
0000000000_0000000917_0000,0000000000_0000000683_0000,24,0
0000000000_0000000918_0000,0000000000_0000000838_0000,11,1
0000000000_0000000919_0000,0000000000_0000002566_0000,16,31
0000000000_0000000920_0000,0000000000_0000000015_0000,10,4
0000000000_0000000921_0000,0000000000_0000000188_0000,11,1
0000000000_0000000922_0000,0000000000_0000000035_0000,5,0
0000000000_0000000923_0000,0000000000_0000027685_0000,8,1
0000000000_0000000924_0000,0000000000_0000000584_0000,6,1
0000000000_0000000925_0000,0000000000_0000000921_0000,12,0
0000000000_0000000926_0000,0000000000_0000000467_0000,6,2
0000000000_0000000927_0000,0000000000_0000000838_0000,11,0
0000000000_0000000928_0000,0000000000_0000000838_0000,11,2
0000000000_0000000929_0000,0000000000_0000000838_0000,11,0
0000000000_0000000930_0000,0000000000_0000000776_0000,11,0
0000000000_0000000931_0000,0000000000_0000000070_0000,11,2
0000000000_0000000932_0000,0000000000_0000000931_0000,12,1
0000000000_0000000933_0000,0000000000_0000000932_0000,13,0
0000000000_0000000934_0000,0000000000_0000000902_0000,20,0
0000000000_0000000935_0000,0000000000_0000000838_0000,11,0
0000000000_0000000936_0000,0000000000_0000000015_0000,10,0
0000000000_0000000937_0000,0000000000_0000000208_0000,12,51
0000000000_0000000939_0000,0000000000_0000000902_0000,20,30
0000000000_0000000940_0000,0000000000_0000000928_0000,12,1
0000000000_0000000941_0000,0000000000_0000000902_0000,20,47
0000000000_0000000942_0000,0000000000_0000000787_0000,12,2
0000000000_0000000943_0000,0000000000_0000000942_0000,13,0
0000000000_0000000944_0000,0000000000_0000000015_0000,10,0
0000000000_0000000945_0000,0000000000_0000000014_0000,4,7
0000000000_0000000946_0000,0000000000_0000000258_0000,12,0
0000000000_0000000947_0000,0000000000_0000000258_0000,12,0
0000000000_0000000948_0000,0000000000_0000000258_0000,12,0
0000000000_0000000949_0000,0000000000_0000000853_0000,9,3
0000000000_0000000950_0000,0000000000_0000000258_0000,12,0
0000000000_0000000951_0000,0000000000_0000000853_0000,9,0
0000000000_0000000952_0000,0000000000_0000000258_0000,12,0
0000000000_0000000953_0000,0000000000_0000000258_0000,12,0
0000000000_0000000954_0000,0000000000_0000000787_0000,12,1
0000000000_0000000955_0000,0000000000_0000000918_0000,12,0
0000000000_0000000956_0000,0000000000_0000000584_0000,6,2
0000000000_0000000957_0000,0000000000_0000000942_0000,13,0
0000000000_0000000958_0000,0000000000_0000000937_0000,13,0
0000000000_0000000959_0000,0000000000_0000000787_0000,12,3
0000000000_0000000961_0000,0000000000_0000000000_0000,2,0
0000000000_0000000962_0000,0000000000_0000000959_0000,13,2
0000000000_0000000963_0000,0000000000_0000000902_0000,20,0
0000000000_0000000964_0000,0000000000_0000000902_0000,20,0
0000000000_0000000965_0000,0000000000_0000000787_0000,12,0
0000000000_0000000966_0000,0000000000_0000000587_0000,11,11
0000000000_0000000967_0000,0000000000_0000000787_0000,12,2
0000000000_0000000968_0000,0000000000_0000000787_0000,12,0
0000000000_0000000969_0000,0000000000_0000000015_0000,10,1
0000000000_0000000970_0000,0000000000_0000000098_0000,12,2
0000000000_0000000971_0000,0000000000_0000000966_0000,12,10
0000000000_0000000972_0000,0000000000_0000000015_0000,10,2
0000000000_0000000973_0000,0000000000_0000000970_0000,13,0
0000000000_0000000974_0000,0000000000_0000000970_0000,13,0
0000000000_0000000975_0000,0000000000_0000000942_0000,13,1
0000000000_0000000976_0000,0000000000_0000000709_0000,23,0
0000000000_0000000977_0000,0000000000_0000000681_0000,22,0
0000000000_0000000978_0000,0000000000_0000000045_0000,11,0
0000000000_0000000979_0000,0000000000_0000000787_0000,12,0
0000000000_0000000980_0000,0000000000_0000000679_0000,21,0
0000000000_0000000981_0000,0000000000_0000002771_0000,20,81
0000000000_0000000982_0000,0000000000_0000000208_0000,12,2
0000000000_0000000983_0000,0000000000_0000000982_0000,13,0
0000000000_0000000984_0000,0000000000_0000000681_0000,22,0
0000000000_0000000985_0000,0000000000_0000000959_0000,13,2
0000000000_0000000986_0000,0000000000_0000000985_0000,14,1
0000000000_0000000987_0000,0000000000_0000000787_0000,12,2
0000000000_0000000988_0000,0000000000_0000000208_0000,12,3
0000000000_0000000989_0000,0000000000_0000000988_0000,13,2
0000000000_0000000990_0000,0000000000_0000000258_0000,12,0
0000000000_0000000991_0000,0000000000_0000000969_0000,11,0
0000000000_0000000992_0000,0000000000_0000000959_0000,13,1
0000000000_0000000993_0000,0000000000_0000000233_0000,14,1
0000000000_0000000994_0000,0000000000_0000000655_0000,22,2
0000000000_0000000995_0000,0000000000_0000000994_0000,23,0
0000000000_0000000996_0000,0000000000_0000000000_0000,2,0
0000000000_0000000997_0000,0000000000_0000000000_0000,2,1
0000000000_0000000998_0000,0000000000_0000000035_0000,5,0
0000000000_0000000999_0000,0000000000_0000000552_0000,15,1